customer_id,pep_flag,high_risk_country_flag,complex_ownership_flag,adverse_media_flag,repeated_aml_issues_count
CUST_0001,NO,NO,NO,NO,0
CUST_0002,NO,NO,YES,NO,0
CUST_0003,YES,NO,NO,NO,0
CUST_0004,NO,NO,NO,NO,0
CUST_0005,NO,NO,NO,NO,0
CUST_0006,NO,YES,NO,NO,0
CUST_0007,NO,NO,NO,NO,0
CUST_0008,NO,YES,NO,NO,0
CUST_0009,NO,NO,NO,NO,0
CUST_0010,NO,NO,NO,NO,1
CUST_0011,NO,YES,NO,YES,0
CUST_0012,NO,YES,NO,NO,0
CUST_0013,NO,NO,YES,NO,0
CUST_0014,NO,YES,NO,NO,0
CUST_0015,NO,NO,NO,NO,2
CUST_0016,NO,NO,NO,NO,0
CUST_0017,NO,NO,NO,NO,0
CUST_0018,NO,NO,NO,NO,3
CUST_0019,NO,NO,NO,NO,0
CUST_0020,NO,NO,NO,NO,0
CUST_0021,NO,YES,NO,NO,0
CUST_0022,NO,NO,NO,NO,5
CUST_0023,NO,YES,NO,NO,0
CUST_0024,YES,YES,NO,NO,0
CUST_0025,NO,NO,NO,NO,1
CUST_0026,NO,NO,YES,NO,2
CUST_0027,NO,NO,NO,NO,1
CUST_0028,NO,NO,NO,NO,0
CUST_0029,YES,NO,NO,NO,1
CUST_0030,NO,NO,NO,NO,0
CUST_0031,NO,YES,NO,NO,1
CUST_0032,NO,YES,NO,NO,0
CUST_0033,NO,NO,NO,NO,0
CUST_0034,NO,YES,NO,YES,0
CUST_0035,NO,YES,YES,NO,0
CUST_0036,NO,NO,NO,NO,0
CUST_0037,NO,NO,NO,NO,1
CUST_0038,NO,NO,NO,NO,0
CUST_0039,NO,YES,NO,NO,4
CUST_0040,NO,NO,NO,NO,2
CUST_0041,NO,NO,NO,NO,1
CUST_0042,NO,NO,NO,NO,0
CUST_0043,NO,NO,NO,YES,1
CUST_0044,NO,NO,NO,NO,0
CUST_0045,NO,YES,NO,NO,3
CUST_0046,NO,NO,NO,NO,2
CUST_0047,NO,YES,NO,NO,1
CUST_0048,NO,YES,NO,NO,0
CUST_0049,NO,YES,NO,NO,0
CUST_0050,YES,NO,NO,NO,0
CUST_0051,NO,NO,NO,NO,0
CUST_0052,NO,YES,YES,NO,0
CUST_0053,NO,NO,NO,NO,5
CUST_0054,NO,NO,NO,NO,0
CUST_0055,NO,NO,NO,NO,0
CUST_0056,NO,YES,NO,NO,0
CUST_0057,NO,YES,NO,NO,0
CUST_0058,YES,NO,NO,YES,5
CUST_0059,NO,NO,NO,NO,0
CUST_0060,NO,YES,NO,NO,0
CUST_0061,NO,NO,NO,NO,0
CUST_0062,NO,NO,NO,NO,0
CUST_0063,NO,NO,NO,NO,0
CUST_0064,NO,NO,NO,NO,1
CUST_0065,NO,YES,NO,YES,4
CUST_0066,NO,NO,NO,NO,0
CUST_0067,NO,NO,NO,NO,0
CUST_0068,NO,NO,YES,NO,0
CUST_0069,NO,YES,NO,YES,2
CUST_0070,NO,NO,NO,NO,2
CUST_0071,NO,NO,NO,YES,0
CUST_0072,NO,NO,NO,NO,0
CUST_0073,NO,NO,NO,NO,0
CUST_0074,NO,NO,NO,NO,1
CUST_0075,NO,YES,NO,NO,0
CUST_0076,NO,NO,NO,NO,2
CUST_0077,NO,NO,NO,NO,1
CUST_0078,NO,NO,NO,NO,2
CUST_0079,YES,NO,NO,NO,0
CUST_0080,NO,NO,NO,NO,1
CUST_0081,NO,NO,YES,NO,0
CUST_0082,NO,NO,NO,NO,0
CUST_0083,NO,NO,NO,NO,1
CUST_0084,NO,YES,NO,NO,0
CUST_0085,NO,NO,NO,NO,3
CUST_0086,YES,NO,NO,NO,1
CUST_0087,NO,NO,YES,NO,0
CUST_0088,NO,NO,NO,NO,1
CUST_0089,NO,NO,YES,YES,0
CUST_0090,NO,NO,NO,NO,0
CUST_0091,NO,YES,NO,NO,0
CUST_0092,NO,YES,NO,NO,1
CUST_0093,NO,YES,YES,YES,1
CUST_0094,NO,NO,NO,NO,0
CUST_0095,NO,NO,NO,NO,0
CUST_0096,NO,NO,NO,NO,2
CUST_0097,NO,NO,NO,YES,1
CUST_0098,NO,YES,NO,NO,0
CUST_0099,NO,NO,NO,NO,1
CUST_0100,NO,NO,NO,NO,0
CUST_0101,YES,NO,NO,NO,0
CUST_0102,NO,NO,NO,NO,0
CUST_0103,NO,NO,NO,NO,0
CUST_0104,YES,YES,NO,NO,0
CUST_0105,NO,YES,YES,NO,0
CUST_0106,NO,NO,NO,NO,0
CUST_0107,NO,NO,NO,NO,1
CUST_0108,NO,YES,YES,NO,5
CUST_0109,NO,NO,NO,NO,1
CUST_0110,YES,NO,NO,NO,0
CUST_0111,NO,NO,NO,YES,0
CUST_0112,NO,NO,NO,NO,1
CUST_0113,NO,NO,YES,NO,0
CUST_0114,YES,NO,NO,YES,0
CUST_0115,NO,NO,NO,NO,1
CUST_0116,NO,NO,YES,NO,0
CUST_0117,NO,NO,NO,NO,1
CUST_0118,YES,NO,NO,NO,0
CUST_0119,NO,NO,NO,NO,0
CUST_0120,NO,YES,NO,NO,0
CUST_0121,NO,NO,YES,NO,4
CUST_0122,NO,NO,NO,YES,0
CUST_0123,NO,NO,NO,NO,1
CUST_0124,NO,NO,NO,NO,0
CUST_0125,YES,NO,NO,NO,0
CUST_0126,NO,NO,NO,NO,2
CUST_0127,NO,NO,YES,NO,3
CUST_0128,NO,NO,NO,NO,0
CUST_0129,NO,NO,NO,NO,0
CUST_0130,NO,YES,NO,NO,2
CUST_0131,NO,NO,NO,NO,0
CUST_0132,NO,NO,NO,NO,0
CUST_0133,NO,YES,NO,NO,0
CUST_0134,NO,NO,NO,NO,0
CUST_0135,NO,NO,YES,YES,0
CUST_0136,NO,NO,NO,NO,0
CUST_0137,NO,NO,NO,NO,0
CUST_0138,NO,YES,NO,YES,1
CUST_0139,NO,NO,NO,NO,1
CUST_0140,NO,NO,YES,NO,0
CUST_0141,NO,NO,NO,YES,0
CUST_0142,NO,NO,NO,NO,0
CUST_0143,NO,YES,NO,NO,4
CUST_0144,NO,YES,NO,NO,2
CUST_0145,NO,NO,NO,NO,1
CUST_0146,YES,NO,NO,NO,1
CUST_0147,NO,NO,NO,NO,0
CUST_0148,NO,YES,NO,NO,2
CUST_0149,NO,NO,NO,NO,3
CUST_0150,NO,NO,NO,NO,2
CUST_0151,YES,NO,NO,NO,1
CUST_0152,NO,NO,NO,NO,1
CUST_0153,NO,NO,NO,NO,0
CUST_0154,NO,NO,NO,NO,1
CUST_0155,NO,NO,NO,NO,0
CUST_0156,NO,NO,NO,NO,1
CUST_0157,NO,YES,NO,NO,0
CUST_0158,YES,NO,YES,NO,0
CUST_0159,NO,NO,NO,NO,0
CUST_0160,NO,NO,YES,NO,1
CUST_0161,NO,NO,NO,NO,2
CUST_0162,NO,NO,NO,YES,0
CUST_0163,NO,YES,NO,NO,0
CUST_0164,NO,NO,NO,NO,1
CUST_0165,NO,NO,NO,YES,0
CUST_0166,NO,YES,NO,NO,3
CUST_0167,NO,NO,NO,NO,0
CUST_0168,NO,NO,NO,NO,0
CUST_0169,NO,YES,NO,NO,0
CUST_0170,NO,NO,NO,NO,0
CUST_0171,NO,YES,NO,NO,1
CUST_0172,NO,NO,NO,NO,0
CUST_0173,NO,YES,NO,NO,4
CUST_0174,NO,NO,NO,NO,0
CUST_0175,NO,NO,NO,NO,1
CUST_0176,NO,NO,NO,NO,0
CUST_0177,NO,YES,NO,NO,2
CUST_0178,NO,YES,NO,NO,1
CUST_0179,NO,NO,NO,NO,0
CUST_0180,NO,NO,NO,NO,0
CUST_0181,NO,NO,NO,NO,0
CUST_0182,NO,YES,NO,NO,0
CUST_0183,NO,NO,NO,NO,5
CUST_0184,NO,NO,NO,NO,1
CUST_0185,NO,NO,NO,NO,0
CUST_0186,NO,YES,NO,NO,0
CUST_0187,NO,NO,NO,NO,0
CUST_0188,NO,NO,NO,YES,0
CUST_0189,NO,NO,NO,NO,0
CUST_0190,NO,NO,NO,NO,0
CUST_0191,NO,NO,NO,NO,1
CUST_0192,NO,YES,NO,NO,0
CUST_0193,NO,NO,YES,NO,0
CUST_0194,NO,YES,NO,YES,0
CUST_0195,NO,NO,NO,NO,1
CUST_0196,NO,NO,NO,NO,0
CUST_0197,NO,NO,NO,NO,0
CUST_0198,NO,YES,YES,NO,0
CUST_0199,NO,YES,NO,NO,0
CUST_0200,NO,NO,NO,YES,3
CUST_0201,NO,NO,NO,NO,0
CUST_0202,NO,NO,NO,NO,0
CUST_0203,NO,YES,NO,NO,0
CUST_0204,NO,NO,NO,NO,2
CUST_0205,NO,YES,NO,NO,1
CUST_0206,NO,NO,NO,NO,0
CUST_0207,NO,NO,NO,NO,0
CUST_0208,NO,NO,NO,NO,3
CUST_0209,NO,NO,NO,NO,0
CUST_0210,NO,NO,NO,NO,0
CUST_0211,YES,NO,NO,NO,4
CUST_0212,NO,NO,NO,NO,0
CUST_0213,NO,YES,NO,NO,0
CUST_0214,NO,NO,NO,NO,1
CUST_0215,YES,NO,NO,NO,0
CUST_0216,NO,NO,NO,YES,1
CUST_0217,NO,NO,NO,NO,0
CUST_0218,NO,NO,NO,YES,0
CUST_0219,NO,YES,NO,NO,0
CUST_0220,NO,NO,NO,NO,0
CUST_0221,NO,NO,NO,NO,0
CUST_0222,NO,NO,NO,NO,1
CUST_0223,NO,YES,NO,NO,0
CUST_0224,NO,NO,NO,NO,0
CUST_0225,YES,NO,NO,NO,4
CUST_0226,NO,NO,NO,NO,0
CUST_0227,NO,NO,NO,YES,0
CUST_0228,NO,NO,NO,NO,0
CUST_0229,NO,NO,NO,NO,2
CUST_0230,NO,YES,NO,NO,0
CUST_0231,NO,NO,YES,NO,0
CUST_0232,NO,NO,NO,NO,1
CUST_0233,NO,NO,NO,NO,0
CUST_0234,NO,YES,NO,NO,1
CUST_0235,NO,NO,NO,YES,0
CUST_0236,NO,YES,YES,YES,0
CUST_0237,NO,NO,NO,NO,0
CUST_0238,NO,YES,NO,NO,1
CUST_0239,NO,NO,NO,YES,1
CUST_0240,NO,NO,NO,YES,0
CUST_0241,NO,NO,NO,NO,0
CUST_0242,NO,NO,NO,NO,0
CUST_0243,YES,NO,NO,NO,0
CUST_0244,NO,YES,NO,NO,0
CUST_0245,NO,NO,NO,NO,0
CUST_0246,NO,YES,NO,NO,0
CUST_0247,NO,NO,NO,NO,3
CUST_0248,NO,YES,YES,NO,2
CUST_0249,NO,NO,NO,NO,1
CUST_0250,NO,NO,NO,NO,1
